baseline,domain,safe_useful_coverage,unsafe_recovery_rate,coverage,selective_accuracy,human_escalation_rate,num_emitted,num_safe_useful,num_unsafe
B11-0,D0_in_domain,0.92,0.08,1.0,0.92,0.0,25,23,2
B11-0,D1_layout_shift,0.84,0.16,1.0,0.84,0.0,25,21,4
B11-0,D2_visual_style_shift,0.0,0.0,0.0,0.0,0.0,0,0,0
B11-0,D3_structure_shift,0.68,0.32,1.0,0.68,0.0,25,17,8
B11-0,D4_combined_shift,0.0,0.0,0.0,0.0,0.0,0,0,0
B11-1,D0_in_domain,0.92,0.08,1.0,0.92,0.0,25,23,2
B11-1,D1_layout_shift,0.84,0.16,1.0,0.84,0.0,25,21,4
B11-1,D2_visual_style_shift,0.4,0.6,1.0,0.4,0.0,25,10,15
B11-1,D3_structure_shift,0.68,0.32,1.0,0.68,0.0,25,17,8
B11-1,D4_combined_shift,0.52,0.48,1.0,0.52,0.0,25,13,12
B11-2,D0_in_domain,0.92,0.08,1.0,0.92,0.0,25,23,2
B11-2,D1_layout_shift,0.84,0.16,1.0,0.84,0.0,25,21,4
B11-2,D2_visual_style_shift,0.0,0.0,0.0,0.0,0.0,0,0,0
B11-2,D3_structure_shift,0.0,0.0,0.0,0.0,0.0,0,0,0
B11-2,D4_combined_shift,0.0,0.0,0.0,0.0,0.0,0,0,0
B11-3,D0_in_domain,0.92,0.08,1.0,0.92,0.0,25,23,2
B11-3,D1_layout_shift,0.84,0.16,1.0,0.84,0.0,25,21,4
B11-3,D2_visual_style_shift,0.0,0.0,0.0,0.0,0.0,0,0,0
B11-3,D3_structure_shift,0.0,0.0,0.0,0.0,0.0,0,0,0
B11-3,D4_combined_shift,0.0,0.0,0.0,0.0,0.0,0,0,0
B11-4,D0_in_domain,0.92,0.08,1.0,0.92,0.0,25,23,2
B11-4,D1_layout_shift,0.0,0.0,0.0,0.0,0.0,0,0,0
B11-4,D2_visual_style_shift,0.0,0.0,0.0,0.0,0.0,0,0,0
B11-4,D3_structure_shift,0.0,0.0,0.0,0.0,0.0,0,0,0
B11-4,D4_combined_shift,0.0,0.0,0.0,0.0,0.0,0,0,0
B11-5,D0_in_domain,0.92,0.08,1.0,0.92,0.0,25,23,2
B11-5,D1_layout_shift,0.84,0.16,1.0,0.84,0.0,25,21,4
B11-5,D2_visual_style_shift,0.0,0.0,0.0,0.0,1.0,0,0,0
B11-5,D3_structure_shift,0.0,0.0,0.0,0.0,1.0,0,0,0
B11-5,D4_combined_shift,0.0,0.0,0.0,0.0,1.0,0,0,0
B11-6,D0_in_domain,0.92,0.08,1.0,0.92,0.0,25,23,2
B11-6,D1_layout_shift,0.0,0.0,0.0,0.0,1.0,0,0,0
B11-6,D2_visual_style_shift,0.0,0.0,0.0,0.0,1.0,0,0,0
B11-6,D3_structure_shift,0.68,0.32,1.0,0.68,0.0,25,17,8
B11-6,D4_combined_shift,0.0,0.0,0.0,0.0,1.0,0,0,0
