baseline,domain,safe_useful_coverage,unsafe_recovery_rate,coverage,selective_accuracy,num_useful,num_safe_useful,num_unsafe
B10.5-0,D0_in_domain,0.92,0.08,1.0,0.92,25,23,2
B10.5-0,D1_layout_shift,0.84,0.16,1.0,0.84,25,21,4
B10.5-0,D2_visual_style_shift,0.0,0.0,0.0,0.0,0,0,0
B10.5-0,D3_structure_shift,0.68,0.32,1.0,0.68,25,17,8
B10.5-0,D4_combined_shift,0.0,0.0,0.0,0.0,0,0,0
B10.5-1,D0_in_domain,0.92,0.08,1.0,0.92,25,23,2
B10.5-1,D1_layout_shift,0.84,0.16,1.0,0.84,25,21,4
B10.5-1,D2_visual_style_shift,0.4,0.6,1.0,0.4,25,10,15
B10.5-1,D3_structure_shift,0.68,0.32,1.0,0.68,25,17,8
B10.5-1,D4_combined_shift,0.52,0.48,1.0,0.52,25,13,12
B10.5-2,D0_in_domain,0.92,0.08,1.0,0.92,25,23,2
B10.5-2,D1_layout_shift,0.84,0.16,1.0,0.84,25,21,4
B10.5-2,D2_visual_style_shift,0.0,0.0,0.0,0.0,0,0,0
B10.5-2,D3_structure_shift,0.68,0.32,1.0,0.68,25,17,8
B10.5-2,D4_combined_shift,0.52,0.48,1.0,0.52,25,13,12
B10.5-3,D0_in_domain,0.92,0.08,1.0,0.92,25,23,2
B10.5-3,D1_layout_shift,0.84,0.16,1.0,0.84,25,21,4
B10.5-3,D2_visual_style_shift,0.4,0.6,1.0,0.4,25,10,15
B10.5-3,D3_structure_shift,0.68,0.32,1.0,0.68,25,17,8
B10.5-3,D4_combined_shift,0.52,0.48,1.0,0.52,25,13,12
B10.5-4,D0_in_domain,0.92,0.08,1.0,0.92,25,23,2
B10.5-4,D1_layout_shift,0.84,0.16,1.0,0.84,25,21,4
B10.5-4,D2_visual_style_shift,0.0,0.0,0.0,0.0,0,0,0
B10.5-4,D3_structure_shift,0.68,0.32,1.0,0.68,25,17,8
B10.5-4,D4_combined_shift,0.0,0.0,0.0,0.0,0,0,0
B10.5-5,D0_in_domain,0.92,0.08,1.0,0.92,25,23,2
B10.5-5,D1_layout_shift,0.84,0.16,1.0,0.84,25,21,4
B10.5-5,D2_visual_style_shift,0.4,0.6,1.0,0.4,25,10,15
B10.5-5,D3_structure_shift,0.68,0.32,1.0,0.68,25,17,8
B10.5-5,D4_combined_shift,0.52,0.48,1.0,0.52,25,13,12
