Baseline,Domain,Coverage,Selective_Accuracy,Unsupported_Rate,AURC,Abstain_F1,Robustness_Gap,Relative_Degradation
B10-0,D0_in_domain,1.0,0.92,0.08,0.0447,0.0,0.0,0.0
B10-0,D1_layout_shift,1.0,0.84,0.16,0.1613,0.0,0.08,0.087
B10-0,D2_visual_style_shift,1.0,0.4,0.6,0.403,0.0,0.52,0.5652
B10-0,D3_structure_shift,1.0,0.68,0.32,0.2271,0.0,0.24,0.2609
B10-0,D4_combined_shift,1.0,0.52,0.48,0.6594,0.0,0.4,0.4348
B10-1,D0_in_domain,1.0,0.92,0.08,0.0447,0.0,0.0,0.0
B10-1,D1_layout_shift,1.0,0.84,0.16,0.1613,0.0,0.08,0.087
B10-1,D2_visual_style_shift,0.0,0.0,0.0,0.403,0.75,0.92,1.0
B10-1,D3_structure_shift,1.0,0.68,0.32,0.2271,0.0,0.24,0.2609
B10-1,D4_combined_shift,0.0,0.0,0.0,0.6594,0.6486,0.92,1.0
B10-2,D0_in_domain,1.0,0.92,0.08,0.0447,0.0,0.0,0.0
B10-2,D1_layout_shift,1.0,0.84,0.16,0.1613,0.0,0.08,0.087
B10-2,D2_visual_style_shift,0.0,0.0,0.0,0.403,0.75,0.92,1.0
B10-2,D3_structure_shift,1.0,0.68,0.32,0.2271,0.0,0.24,0.2609
B10-2,D4_combined_shift,0.0,0.0,0.0,0.6594,0.6486,0.92,1.0
B10-3,D0_in_domain,1.0,0.92,0.08,0.0447,0.0,0.0,0.0
B10-3,D1_layout_shift,1.0,0.84,0.16,0.1613,0.0,0.08,0.087
B10-3,D2_visual_style_shift,0.0,0.0,0.0,0.403,0.75,0.92,1.0
B10-3,D3_structure_shift,1.0,0.68,0.32,0.2271,0.0,0.24,0.2609
B10-3,D4_combined_shift,0.0,0.0,0.0,0.6594,0.6486,0.92,1.0
B10-4,D0_in_domain,1.0,0.92,0.08,0.0447,0.0,0.0,0.0
B10-4,D1_layout_shift,1.0,0.84,0.16,0.1613,0.0,0.08,0.087
B10-4,D2_visual_style_shift,0.0,0.0,0.0,0.403,0.75,0.92,1.0
B10-4,D3_structure_shift,1.0,0.68,0.32,0.2271,0.0,0.24,0.2609
B10-4,D4_combined_shift,0.0,0.0,0.0,0.6594,0.6486,0.92,1.0
